{"cameraMode":{"drawMode":0,"name":"Shaded","section":"Shading Mode"},"sceneLighting":false,"audioPlay":false,"sceneViewState":{"showFog":true,"showMaterialUpdate":false,"showSkybox":true,"showFlares":true,"showImageEffects":true,"showParticleSystems":true},"in2DMode":false,"pivot":{"x":-1.2358181476593018,"y":0.7763886451721191,"z":-1.8631598949432374},"rotation":{"x":0.22385145723819734,"y":0.765774667263031,"z":-0.3474118709564209,"w":0.4929734468460083},"size":10.355379104614258,"orthographic":false}