{"cameraMode":{"drawMode":0,"name":"Shaded","section":"Shading Mode"},"sceneLighting":true,"audioPlay":false,"sceneViewState":{"showFog":true,"showMaterialUpdate":false,"showSkybox":true,"showFlares":true,"showImageEffects":true,"showParticleSystems":true},"in2DMode":false,"pivot":{"x":1.917706847190857,"y":0.74312424659729,"z":-0.8342772126197815},"rotation":{"x":-0.3801303207874298,"y":0.6140559315681458,"z":-0.43242156505584719,"w":-0.5399104952812195},"size":0.30554521083831789,"orthographic":false}