{"cameraMode":{"drawMode":0,"name":"Shaded","section":"Shading Mode"},"sceneLighting":false,"audioPlay":false,"sceneViewState":{"showFog":true,"showMaterialUpdate":false,"showSkybox":true,"showFlares":true,"showImageEffects":true,"showParticleSystems":true},"in2DMode":false,"pivot":{"x":1.184164047241211,"y":-3.1635875701904299,"z":-0.8745558261871338},"rotation":{"x":0.31183090806007388,"y":0.5996425747871399,"z":-0.2732430398464203,"w":0.6845278143882752},"size":16.802146911621095,"orthographic":false}